{"cameraMode":{"drawMode":0,"name":"Shaded","section":"Shading Mode"},"sceneLighting":false,"audioPlay":false,"sceneViewState":{"showFog":true,"showMaterialUpdate":true,"showSkybox":false,"showFlares":true,"showImageEffects":true,"showParticleSystems":true},"in2DMode":false,"pivot":{"x":-0.2198486328125,"y":1.9557925462722779,"z":0.2160954475402832},"rotation":{"x":0.07083085924386978,"y":-0.4155110716819763,"z":0.032475706189870837,"w":0.9062448143959045},"size":5.066025733947754,"orthographic":false}